method,n,microPrecision,microRecall,microF1,macroF1,macroF1ClusterBootstrapCi95,exactMatchRate,hammingLoss,averageFanout,averageBoundaryBytes
"static","40","63.2","56.7","59.8","60.4","52.2,68.8","17.5","23.1","2.17","1212"
"topk","40","62.5","56.7","59.5","59.9","51.8,68","15","23.4","2.2","1216"
"threshold","40","76.3","46.4","57.7","57.8","49.1,66.1","15","20.6","1.48","845"
"learned","40","77.5","32","45.3","46.6","37.8,54.5","2.5","23.4","1","548"
"costAware","40","76.3","46.4","57.7","57.8","49.1,66.1","15","20.6","1.48","845"
"masRouterAdapted","40","29.8","32","30.8","30","21.8,38.3","2.5","43.4","2.6","871"
"routeLlmMfAdapted","40","38.8","34","36.3","33.7","24.3,43.4","7.5","36.3","2.13","848"
"irtRouterAdapted","40","36.8","40.2","38.4","35.3","27,43.5","0","39.1","2.65","1053"
"proposed","40","57.8","76.3","65.8","66.5","57.2,75.5","25","24.1","3.2","1900"
"oracle","40","100","100","100","100","100,100","100","0","2.42","1220"
